<application>
  <component name="EclipseCodeFormatterSettings">
    <option name="donationNagger">
      <DonationNagger>
        <option name="actionsExecuted" value="87" />
        <option name="firstUsage" value="1551857448288" />
        <option name="firstUsedVersion" value="18.2.181.000.0-Eclipse_4.9.0" />
      </DonationNagger>
    </option>
    <option name="settingsList">
      <list>
        <Settings>
          <option name="formatter" value="ECLIPSE" />
          <option name="id" value="1535354459803" />
          <option name="name" value="new" />
          <option name="pathToConfigFileJava" value="$USER_HOME$/Downloads/InfrrdCodeFormatter.xml" />
        </Settings>
      </list>
    </option>
  </component>
</application>