<application>
  <component name="FileTypeManager" version="17">
    <extensionMap>
      <mapping ext="klib" type="ARCHIVE" />
      <mapping ext="tps" type="DBN-PSQL" />
      <mapping ext="tpe" type="DBN-PSQL" />
      <mapping ext="pks" type="DBN-PSQL" />
      <mapping ext="fnc" type="DBN-PSQL" />
      <mapping ext="pkg" type="DBN-PSQL" />
      <mapping ext="pkb" type="DBN-PSQL" />
      <mapping ext="tpb" type="DBN-PSQL" />
      <mapping ext="prc" type="DBN-PSQL" />
      <mapping ext="trg" type="DBN-PSQL" />
      <mapping ext="vw" type="DBN-SQL" />
      <mapping ext="csv" type="PLAIN_TEXT" />
      <mapping ext="bin" type="PLAIN_TEXT" />
      <mapping ext="gz" type="PLAIN_TEXT" />
    </extensionMap>
  </component>
</application>